PC,Proportion.Variance.Explained
1,0.006566335452578772
2,0.0018761171816598018
3,0.001041152703375983
4,0.0009969808455538678
5,0.0008377048456015197
6,0.0006931448039018611
7,0.0006327993903430594
8,0.0005647053986676639
9,0.0005370797716544109
10,0.0005282212737299645
