{"tissue_hires_scalef": 1, "tissue_lowres_scalef": 0.3, "fiducial_diameter_fullres": 24.630696849332555, "spot_diameter_fullres": 15.247574240063011}